review_id,gold_theme
r0011,audio_call_quality
r0024,battery_power
r0026,features_design
r0031,build_durability
r0040,general_sentiment
r0045,general_sentiment
r0056,value_price
r0060,features_design
r0061,service_delivery
r0064,general_sentiment
r0067,build_durability
r0068,fit_comfort
r0071,audio_call_quality
r0073,general_sentiment
r0077,ease_of_use
r0087,general_sentiment
r0089,value_price
r0097,general_sentiment
r0108,audio_call_quality
r0121,fit_comfort
r0137,value_price
r0140,features_design
r0159,features_design
r0169,build_durability
r0175,features_design
r0185,ease_of_use
r0199,fit_comfort
r0210,general_sentiment
r0214,audio_call_quality
r0222,features_design
r0245,general_sentiment
r0248,value_price
r0255,build_durability
r0261,value_price
r0262,build_durability
r0266,battery_power
r0267,general_sentiment
r0281,service_delivery
r0282,general_sentiment
r0287,general_sentiment
r0290,general_sentiment
r0291,general_sentiment
r0293,general_sentiment
r0300,general_sentiment
r0310,battery_power
r0319,general_sentiment
r0320,value_price
r0332,audio_call_quality
r0343,battery_power
r0351,general_sentiment
r0353,audio_call_quality
r0360,features_design
r0363,fit_comfort
r0364,general_sentiment
r0381,features_design
r0383,general_sentiment
r0389,service_delivery
r0424,features_design
r0425,general_sentiment
r0433,audio_call_quality
r0434,general_sentiment
r0440,build_durability
r0443,ease_of_use
r0446,general_sentiment
r0450,general_sentiment
r0458,general_sentiment
r0479,features_design
r0482,general_sentiment
r0486,features_design
r0498,general_sentiment
r0500,battery_power
r0501,build_durability
r0502,general_sentiment
r0507,general_sentiment
r0519,audio_call_quality
r0523,features_design
r0524,build_durability
r0526,general_sentiment
r0536,audio_call_quality
r0537,build_durability
r0539,general_sentiment
r0546,audio_call_quality
r0549,general_sentiment
r0568,general_sentiment
r0584,fit_comfort
r0586,battery_power
r0589,general_sentiment
r0592,general_sentiment
r0597,general_sentiment
r0598,audio_call_quality
r0604,value_price
r0617,general_sentiment
r0619,general_sentiment
r0622,general_sentiment
r0627,general_sentiment
r0639,service_delivery
r0644,general_sentiment
r0645,fit_comfort
r0656,build_durability
r0667,ease_of_use
r0673,ease_of_use
r0674,general_sentiment
r0685,value_price
r0690,battery_power
r0698,value_price
r0711,value_price
r0722,general_sentiment
r0729,service_delivery
r0731,build_durability
r0735,features_design
r0738,fit_comfort
r0744,service_delivery
r0750,build_durability
r0756,features_design
r0762,general_sentiment
r0765,battery_power
r0768,audio_call_quality
r0782,features_design
r0790,value_price
r0802,audio_call_quality
r0811,general_sentiment
r0817,ease_of_use
r0818,service_delivery
r0842,battery_power
r0843,features_design
r0856,general_sentiment
r0858,general_sentiment
r0864,service_delivery
r0866,general_sentiment
r0868,general_sentiment
r0870,general_sentiment
r0874,audio_call_quality
r0892,general_sentiment
r0893,features_design
r0905,audio_call_quality
r0909,general_sentiment
r0915,general_sentiment
r0920,general_sentiment
r0926,build_durability
r0929,general_sentiment
r0932,ease_of_use
r0933,audio_call_quality
r0938,ease_of_use
r0939,features_design
r0940,general_sentiment
r0964,general_sentiment
r0965,general_sentiment
r0976,general_sentiment
r0977,features_design
r0986,features_design
