review_id,theme,sub_issue,text
r0004,battery_power,short_battery_life,Tied to charger for conversations lasting more than 45 minutes.MAJOR PROBLEMS!!
r0006,audio_call_quality,too_quiet_cant_hear,I have to jiggle the plug to get it to line up right to get decent volume.
r0013,audio_call_quality,noise_echo_or_leak,If the two were seperated by a mere 5+ ft I started to notice excessive static and garbled sound from the headset.
r0025,battery_power,battery_faulty_or_poor,I bought it for my mother and she had a problem with the battery.
r0029,audio_call_quality,caller_cant_hear_me,People couldnt hear me talk and I had to pull out the earphone and talk on the phone.
r0030,battery_power,short_battery_life,Doesn't hold charge.
r0036,battery_power,short_battery_life,You need at least 3 mins to get to your phone book from the time you first turn on the phone.Battery life is short.
r0038,battery_power,short_battery_life,Poor Talk Time Performance.
r0044,audio_call_quality,too_quiet_cant_hear,I only hear garbage for audio.
r0047,battery_power,battery_faulty_or_poor,Who in their right mind is gonna buy this battery?.
r0048,service_delivery,returns_refunds_warranty,AFTER ARGUING WITH VERIZON REGARDING THE DROPPED CALLS WE RETURNED THE PHONES AFTER TWO DAYS.
r0050,battery_power,battery_faulty_or_poor,Disappointed with battery.
r0051,audio_call_quality,too_quiet_cant_hear,Not loud enough and doesn't turn on like it should.
r0061,service_delivery,customer_support,Essentially you can forget Microsoft's tech support.
r0065,audio_call_quality,caller_cant_hear_me,You have to hold the phone at a particular angle for the other party to hear you clearly.
r0067,build_durability,failed_after_short_use,"A week later after I activated it, it suddenly died."
r0071,audio_call_quality,caller_cant_hear_me,Mic Doesn't work.
r0072,audio_call_quality,too_quiet_cant_hear,"Even in my BMW 3 series which is fairly quiet, I have trouble hearing what the other person is saying."
r0084,battery_power,short_battery_life,The battery runs down quickly.
r0085,build_durability,failed_after_short_use,"This item worked great, but it broke after 6 months of use."
r0105,battery_power,charger_fails_or_slow,I received my supposedly new motorola 375 and apparently there was not a match between the phone and the charger.
r0110,battery_power,charger_fails_or_slow,I purcashed this for the car charger and it does not work.
r0122,audio_call_quality,reception_dropped_calls,Could not get strong enough signal.
r0124,build_durability,vague_quality_or_junk,Bad Quality.
r0127,service_delivery,other_unclear,Basically the service was very bad.
r0128,battery_power,charger_fails_or_slow,it did not work in my cell phone plug i am very up set with the charger!.
r0142,audio_call_quality,reception_dropped_calls,"During several different 2 minute calls, I experienced 5 drops and it was in an area that had 5 bars."
r0145,battery_power,charger_fails_or_slow,The phone takes FOREVER to charge like 2 to 5 hours literally.
r0148,audio_call_quality,reception_dropped_calls,Its reception is very very poor.
r0150,build_durability,failed_after_short_use,"After 3 months, screen just went black all of a sudden."
r0152,audio_call_quality,poor_sound_general,"Audio Quality is poor, very poor."
r0155,audio_call_quality,poor_sound_general,I've bought $5 wired headphones that sound better than these.
r0173,audio_call_quality,poor_sound_general,How can that be?The audio quality is poor.
r0180,audio_call_quality,noise_echo_or_leak,"If you like a loud buzzing to override all your conversations, then this phone is for you!"
r0190,audio_call_quality,poor_sound_general,"But when I check voice mail at night, the keypad backlight turns off a few seconds into the first message, and then I'm lost."
r0191,build_durability,failed_after_short_use,The replacement died in a few weeks.
r0194,audio_call_quality,reception_dropped_calls,I have had problems wit hit dropping signal and more.
r0203,audio_call_quality,noise_echo_or_leak,It makes very strange ticking noises before it ends the call.
r0205,battery_power,short_battery_life,Battery lasts only a few hours.
r0211,service_delivery,customer_support,I did not bother contacting the company for few dollar product but I learned the lesson that I should not have bought this form online anyway.
r0225,audio_call_quality,noise_echo_or_leak,There's a horrible tick sound in the background on all my calls that I have never experienced before.
r0231,battery_power,battery_faulty_or_poor,The battery is completely useless to me.
r0243,service_delivery,customer_support,Worst Customer Service Ever.
r0255,service_delivery,returns_refunds_warranty,This product had a strong rubber/petroleum smell that was unbearable after a while and caused me to return it
r0256,build_durability,vague_quality_or_junk,poor quality and service.
r0257,build_durability,cheap_materials,"The cable looks so thin and flimsy, it is scary."
r0264,build_durability,vague_quality_or_junk,Absolutel junk.
r0267,service_delivery,returns_refunds_warranty,Returned 8 hours later.
r0277,audio_call_quality,other_unclear,I wasted my little money with this earpiece.
r0287,build_durability,vague_quality_or_junk,Piece of Junk.
r0298,service_delivery,customer_support,Customer service was terrible.
r0299,battery_power,short_battery_life,Battery life still not long enough in Motorola Razor V3i.
r0307,audio_call_quality,caller_cant_hear_me,"As many people complained, I found this headset's microphone was very weak."
r0308,battery_power,short_battery_life,My 5-year old Nokia 2160 from Tracfone holds the charge a lot better than this.
r0314,battery_power,battery_faulty_or_poor,The battery is unreliable as well as the service use antena.
r0315,audio_call_quality,poor_sound_general,It's uncomfortable and the sound quality is quite poor compared with the phone (Razr) or with my previous wired headset (that plugged into an LG).
r0324,audio_call_quality,reception_dropped_calls,"I have 2-3 bars on my cell phone when I am home, but you cant not hear anything."
r0328,service_delivery,retailer_or_listing,AMAZON SUCKS.
r0329,battery_power,other_unclear,Rip off---- Over charge shipping.
r0335,battery_power,battery_faulty_or_poor,1. long lasting battery (you don't have to recharge it as frequentyly as some of the flip phones)2.
r0338,build_durability,vague_quality_or_junk,"It was an inexpensive piece, but I would still have expected better quality."
r0339,audio_call_quality,reception_dropped_calls,It is practically useless and did not add any kind of boost to my reception after I bought it.
r0342,build_durability,failed_after_short_use,A PIECE OF JUNK THAT BROKE AFTER BEING ON MY PHONE FOR 2 DAYS!!!
r0344,service_delivery,customer_support,Worst customer service.
r0346,audio_call_quality,reception_dropped_calls,Reception is terrible and full of static.
r0349,audio_call_quality,reception_dropped_calls,"I was sitting in my vehicle, with the cradle on my belt, and the headset lost signal."
r0356,audio_call_quality,noise_echo_or_leak,The only thing that I think could improve is the sound leaks out from the headset.
r0357,audio_call_quality,reception_dropped_calls,"First off the reception sucks, I have never had more than 2 bars, ever."
r0373,build_durability,failed_after_short_use,The worst phone I've ever had.... Only had it for a few months.
r0377,battery_power,short_battery_life,This is a VERY average phone with bad battery life that operates on a weak network.
r0385,service_delivery,carrier_network,The worst piece of crap ever along with the Verizon customer service.
r0386,audio_call_quality,poor_sound_general,Poor sound quality.
r0408,service_delivery,carrier_network,I came over from Verizon because cingulair has nicer cell phones.... the first thing I noticed was the really bad service.
r0409,audio_call_quality,other_unclear,I'll be looking for a new earpiece.
r0412,battery_power,short_battery_life,We received a WHITE colored battery that goes DEAD after a couple hoursTHe original used to last a week - but still lasts longer than thereplacement
r0413,battery_power,short_battery_life,After a year the battery went completely dead on my headset.
r0416,build_durability,cheap_materials,This is the first phone I've had that has been so cheaply made.
r0417,audio_call_quality,caller_cant_hear_me,"Att is not clear, sound is very distorted and you have to yell when you talk."
r0418,build_durability,broke_or_cracked,The plastic breaks really easy on this clip.
r0423,build_durability,broke_or_cracked,Also the area where my unit broke).- I'm not too fond of the magnetic strap.
r0431,build_durability,vague_quality_or_junk,Low Quality.
r0437,battery_power,short_battery_life,I used to talk on it for 1 - 1 1/2 hours and the battery would be literally drained and dying.
r0440,build_durability,vague_quality_or_junk,"I might have gotten a defect, but I would not risk buying it again because of the built quality alone."
r0452,battery_power,short_battery_life,I even fully charged it before I went to bed and turned off blue tooth and wi-fi and noticed that it only had 20 % left in the morning.
r0459,battery_power,battery_faulty_or_poor,BT50 battery junk!.
r0463,audio_call_quality,poor_sound_general,poor voice clarity.
r0476,audio_call_quality,too_quiet_cant_hear,The volume switch rocketed out of the unit to a destination unknown.
r0478,service_delivery,returns_refunds_warranty,I'd like to return it.
r0480,service_delivery,carrier_network,"Verizon's bills, however, are difficult to understand even though their pricing plans are simple."
r0486,audio_call_quality,missed_incoming_calls,Unfortunately the ability to actually know you are receiving a call is a rather important feature and this phone is pitiful in that respect.
r0488,audio_call_quality,too_quiet_cant_hear,This results in the phone being either stuck at max volume or mute.
r0493,build_durability,vague_quality_or_junk,Pretty piece of junk.
r0496,build_durability,failed_after_short_use,Save your money.... I've had this item for 11 months now.
r0501,build_durability,vague_quality_or_junk,Defective crap.
r0504,audio_call_quality,too_quiet_cant_hear,"The sound quality for the device is unacceptable.Unless you are in a really quiet area, you almost hear nothing."
r0508,battery_power,charger_fails_or_slow,"As an earlier review noted, plug in this charger and nothing happens."
r0519,audio_call_quality,too_quiet_cant_hear,My only complaint is the standard sound volume is a little low even when turned up to 5(of 5)
r0533,build_durability,broke_or_cracked,All it took was one drop from about 6 inches above the kitchen counter and it was cracked.I am not impressed and I am not laughing.
r0539,audio_call_quality,missed_incoming_calls,I've missed numerous calls because of this reason.
r0540,audio_call_quality,caller_cant_hear_me,"Perhaps my phone is defective, but people cannot hear me when I use this."
r0544,audio_call_quality,other_unclear,Trying to make a call on these is an exercise in frustration.
r0545,build_durability,cheap_materials,The case is a flimsy piece of plastic and has no front or side protection whatsoever.
r0557,audio_call_quality,noise_echo_or_leak,"Muddy, low quality sound, and the casing around the wire's insert was poorly super glued and slid off."
r0560,build_durability,vague_quality_or_junk,"If you are looking for a good quality Motorola Headset keep looking, this isn't it."
r0561,battery_power,charger_fails_or_slow,Yet Plantronincs continues to use the same flawed charger design.
r0566,build_durability,vague_quality_or_junk,It's A PIECE OF CRAP!
r0572,audio_call_quality,too_quiet_cant_hear,"I can barely ever hear on it and am constantly saying ""what?"""
r0573,battery_power,short_battery_life,The battery life is highly unacceptable.
r0574,service_delivery,customer_support,That company is a joke.
r0576,audio_call_quality,other_unclear,Due to this happening on every call I was forced to stop using this headset.
r0578,service_delivery,carrier_network,"Verizon tech support walked my through a few procedures, none of which worked and I ended up having to do a hard re-set, wiping out all my data."
r0579,audio_call_quality,reception_dropped_calls,"Voice Quality, Signal Strength, Dropped Calls."
r0585,audio_call_quality,too_quiet_cant_hear,"I only used it two days, and it wasn't always easy to hear with."
r0586,battery_power,charger_fails_or_slow,I got the car charger and not even after a week the charger was broken...I went to plug it in and it started smoking.
r0587,service_delivery,carrier_network,Sprint - terrible customer service.
r0592,build_durability,vague_quality_or_junk,"What possesed me to get this junk, I have no idea..."
r0593,build_durability,vague_quality_or_junk,Piece of trash.
r0598,audio_call_quality,too_quiet_cant_hear,"The real killer is the volume, and of course it breaking."
r0604,service_delivery,carrier_network,Sprint charges for this service.
r0612,battery_power,charger_fails_or_slow,the charger worked for about a week and then completely stopped charging my phone.
r0617,audio_call_quality,other_unclear,"Steer clear of this product and go with the genuine Palm replacementr pens, which come in a three-pack."
r0627,service_delivery,retailer_or_listing,Don't bother - go to the store.
r0634,audio_call_quality,noise_echo_or_leak,"However, BT headsets are currently not good for real time games like first-person shooters since the audio delay messes me up."
r0637,audio_call_quality,noise_echo_or_leak,"Performed awful -- muffled, tinny incoming sound and severe echo for those on the other end of the call."
r0639,service_delivery,customer_support,"Obviously they have a terrible customer service, so you get what you pay for."
r0641,service_delivery,returns_refunds_warranty,"I contacted the company and they told me that, although the unit was still under warranty, if I couldn't produce my receipt I was out of luck."
r0647,battery_power,battery_faulty_or_poor,Battery is terrible.
r0649,audio_call_quality,other_unclear,The earpiece on this is too large or too heavy...it keeps falling out of my ear.
r0650,audio_call_quality,poor_sound_general,Utter crap.. Sound quality is TERRIBLE.
r0651,battery_power,charger_fails_or_slow,"The charger arrived within the promised timeframe, but it did not work."
r0653,build_durability,broke_or_cracked,"Finally, after three or four times the spring of the latch broke and I could not use it any longer on the visor."
r0655,service_delivery,customer_support,Talk about USELESS customer service.
r0657,build_durability,failed_after_short_use,This does not fit the Palm Tungsten E2 and it broke the first time I tried to plug it in.
r0673,audio_call_quality,other_unclear,"Bluetooth does not work, phone locks up, screens just flash up and now it just makes calls randomly while in my pocket locked."
r0679,audio_call_quality,missed_incoming_calls,"This product is clearly not ready for prime time, I don't care how cool it looks, if you can't tell a call is coming in it's worthless."
r0683,audio_call_quality,caller_cant_hear_me,The instructions didn't explain that a microphone jack could be used.
r0690,battery_power,short_battery_life,"The biggest complaint I have is, the battery drains superfast."
r0703,audio_call_quality,noise_echo_or_leak,So anyone near you will hear part of your conversation.
r0705,service_delivery,other_unclear,I bought this phone as a replacement for my StarTac and have regretted it since.
r0707,service_delivery,other_unclear,Can't store anything but phone numbers to SIM.
r0709,build_durability,vague_quality_or_junk,Poor quality.
r0714,battery_power,charger_fails_or_slow,"Unfortunately it will not recharge my iPhone 4s, despite connecting it from multiple power sources (iMac, external battery, wall outlet, etc)."
r0726,build_durability,failed_after_short_use,After receiving and using the product for just 2 days it broke.
r0731,build_durability,failed_after_short_use,We have tried 2 units and they both failed within 2 months.. Pros
r0740,battery_power,charger_fails_or_slow,"Bought mainly for the charger, which broke soon after purchasing."
r0742,service_delivery,retailer_or_listing,"stay away from this store, be careful."
r0760,build_durability,cheap_materials,in addition it feels &amp; looks as if the phone is all lightweight cheap plastic.
r0761,service_delivery,returns_refunds_warranty,"But now that it is ""out of warranty"" the same problems reoccure.Bottom line... put your money somewhere else... Cingular will not support it."
r0765,battery_power,short_battery_life,AFter the first charge kept going dead after 12 minutes.
r0766,build_durability,cheap_materials,"VERY cheap plastic, creaks like an old wooden floor."
r0767,audio_call_quality,reception_dropped_calls,"I get absolutely horrible reception in my apartment, where with other phones I have not had this problem."
r0780,build_durability,failed_after_short_use,They work about 2 weeks then break.
r0792,audio_call_quality,caller_cant_hear_me,I tried talking real loud but shouting on the telephone gets old and I was still told it wasn't great.
r0803,service_delivery,returns_refunds_warranty,Improper description.... I had to return it.
r0807,battery_power,short_battery_life,Battery has no life.
r0824,build_durability,failed_after_short_use,All three broke within two months of use.
r0826,battery_power,short_battery_life,"My father has the V265, and the battery is dying."
r0828,audio_call_quality,reception_dropped_calls,"The calls drop, the phone comes on and off at will, the screen goes black and the worst of all it stops ringing intermittently."
r0832,build_durability,failed_after_short_use,I have bought this Nokia cell phone a few weeks ago and it was a nightmare.
r0833,service_delivery,customer_support,It would take too long to describe how bad my customer service experience has been with Amazon.
r0836,battery_power,charger_fails_or_slow,"Product is useless, since it does not have enough charging current to charge the 2 cellphones I was planning to use it with."
r0840,service_delivery,carrier_network,Very unreliable service from T-mobile !
r0842,battery_power,charger_fails_or_slow,I bought two of them and neither will charge.
r0851,battery_power,short_battery_life,"If I take a picture, the battery drops a bar, and starts beeping, letting me know its dieing."
r0868,service_delivery,retailer_or_listing,This is by far the worst purchase I've made on Amazon.
r0874,audio_call_quality,too_quiet_cant_hear,Having trouble with volume.
r0878,battery_power,battery_faulty_or_poor,"When it opens, the battery connection is broken and the device is turned off."
r0881,service_delivery,customer_support,Don't trust their website and don't expect any helpful support.
r0883,audio_call_quality,poor_sound_general,The speaker is of low quality so as making the ring tones sound very cheap.
r0885,audio_call_quality,reception_dropped_calls,Bad Reception.
r0886,build_durability,vague_quality_or_junk,This product is very High quality Chinese CRAP!!!!!!
r0895,build_durability,broke_or_cracked,Problem is that the ear loops are made of weak material and break easily.
r0903,audio_call_quality,reception_dropped_calls,It always cuts out and makes a beep beep beep sound then says signal failed.
r0906,battery_power,battery_faulty_or_poor,So I had to take the battery out of the phone put it all back together and then restart it.
r0907,build_durability,broke_or_cracked,"While I managed to bend the leaf spring back in place, the metal now has enough stress that it will break on the next drop."
r0910,build_durability,cheap_materials,"Saggy, floppy piece of junk."
r0922,audio_call_quality,poor_sound_general,This pair of headphones is the worst that I have ever had sound-wise.
r0924,battery_power,charger_fails_or_slow,Does not charge the Cingular (ATT) 8525 phone.
r0926,audio_call_quality,other_unclear,"However, after about a year, the fliptop started to get loose and wobbly and eventually my screen went black and I couldn't receive and place calls."
r0933,audio_call_quality,caller_cant_hear_me,"The mic there is a joke, and the volume is quite low."
r0942,service_delivery,customer_support,Very much disappointed with this company.
r0944,battery_power,charger_fails_or_slow,It didn't charge for me.
r0956,audio_call_quality,other_unclear,I cannot make calls at certain places.
r0959,battery_power,other_unclear,This company charge me a restocking fee and still not given me my refund back.
r0963,build_durability,broke_or_cracked,Earbud piece breaks easily.
r0970,audio_call_quality,too_quiet_cant_hear,Not enough volume.
r0971,audio_call_quality,noise_echo_or_leak,Echo Problem....Very unsatisfactory
r0972,build_durability,vague_quality_or_junk,you could only take 2 videos at a time and the quality was very poor.
r0975,battery_power,charger_fails_or_slow,Adapter does not provide enough charging current.
r0979,audio_call_quality,caller_cant_hear_me,"It didn't work, people can not hear me when I talk."
r0981,battery_power,charger_fails_or_slow,I'm really disappointed all I have now is a charger that doesn't work.
r0983,build_durability,failed_after_short_use,Lasted one day and then blew up.
r0987,build_durability,vague_quality_or_junk,What a piece of junk.. I lose more calls on this phone.
r0990,audio_call_quality,missed_incoming_calls,"You can not answer calls with the unit, never worked once!"
